{
    "heat input bus": {
        "desorber": 2209039.7171997908,
        "evaporator": 2790960.282800209
    }
}