;P;eta_s;eta_vol;pr
solution pump;421.4212122373872;0.7500000352492519;1.0;57.14202101557502
refrigeration pump;98.06614712078418;0.7500000000000198;1.0;57.14202101557506
