;pr;zeta
solution valve;0.01750025606772699;2652.7834691992866
